{"form_factors": {"ff_sky": {"3": 0.3947769614567526, "4": 0.4016759283586009, "5": 0.16637371320659705, "6": 0.17907678125719695, "7": 0.16963948931389985, "9": 0.10006809909513549, "10": 0.10815627902716664, "11": 0.40082432787707245, "12": 0.1189738049242264, "13": 0.15781095408449416, "14": 0.5198116407995016, "15": 0.19551935809497312, "16": 0.23228046449744166, "17": 0.7711740879024308, "18": 0.3270844830751339, "19": 0.2406907561779787, "20": 0.7063936222896168, "21": 0.27353646227611583, "22": 0.2403603095632153, "23": 0.7017957175492309, "24": 0.30294376039164844, "25": 0.3173995944926801, "26": 0.23559901406259354, "27": 0.6674578719442436, "28": 0.2789029560348445, "29": 0.1861877109616149, "30": 0.5765830614770117, "31": 0.25835758299964945, "32": 0.1617648008712708, "33": 0.540259045587679, "34": 0.28466267892304686, "35": 0.1670682330230905, "36": 0.6930595153774936, "37": 0.3025809186413635, "38": 0.22046890327553909, "39": 0.6343121899128857, "40": 0.35553004233086, "41": 0.2596615480278364, "42": 0.7149852028949564, "43": 0.34139258398233546, "44": 0.25566254148863327, "45": 0.7929419455492872, "46": 0.36404109895705233, "47": 0.29468490067782116, "48": 0.7320597000997114, "49": 0.40082235605815086, "50": 0.30050852692317065, "51": 0.8217283867462419, "52": 0.43938494006828, "53": 0.36252133619565813, "54": 0.7635589404926832, "55": 0.4834827004946685, "56": 0.31039058821378707, "57": 0.7740001887204434, "58": 0.41810941340170116, "59": 0.32046292523253483, "60": 0.8146621018320728, "61": 0.40427886110285643, "62": 0.2888156925101226, "63": 0.7276408933714736, "64": 0.4046608390468033, "65": 0.3131345407146622, "66": 0.8196263571928869, "67": 0.45354246836187684, "68": 0.3436956305711055, "69": 0.7600003117425432, "70": 0.40240309882243014, "71": 0.2582632748564488, "72": 0.8183763265409665, "73": 0.4081897738787846, "74": 0.30011454879286326, "75": 0.7024097273115016, "76": 0.28186689551770017, "77": 0.4208910150830561, "78": 1.0, "79": 0.14769636567510075, "81": 0.09098556361774064, "82": 0.11119242219593746, "83": 0.19912300568883984, "84": 0.5903842811716992, "85": 0.20035544326134894, "86": 0.25482018808363943, "87": 0.56590638620886, "88": 0.2614573172826679, "89": 0.28430325793568734, "90": 0.5848857240692898, "91": 0.30281631615118554, "92": 0.2738667538042687, "93": 0.6683288851887362, "94": 0.2655854953499675, "95": 0.25303082572220204, "96": 0.7601058145645557, "97": 0.29843986428655955, "98": 0.27655169509922795, "99": 0.6279962120652994, "100": 0.31319129288138026, "101": 0.256801978886562, "102": 0.8568346421345373, "103": 0.3130655642875227, "104": 0.2612523661475163, "105": 0.7462560888204843, "106": 0.40089155315240954, "107": 0.31610621658078814, "108": 0.7827065419455933, "109": 0.34923497515551877, "110": 0.295402509740069, "111": 0.8240535373622815, "112": 0.43483577511480603, "113": 0.3680164645128908, "114": 0.748503902636607, "115": 0.44849769629319414, "116": 0.3173705972299996, "117": 0.620892963126823, "118": 0.37107891061323733, "119": 0.2580050891086376, "120": 0.7167303046545689, "121": 0.39370356355787844, "122": 0.31999863460395156, "123": 0.889419489918292, "124": 0.4139322875087221, "125": 0.32053819394992145, "126": 0.7699824499641248, "127": 0.38587392436530193, "128": 0.2873998898555998, "129": 0.6441927846772646, "130": 0.36536134599710224, "131": 0.2969995605542814, "132": 0.7240597035834555, "133": 0.3743540336549243, "134": 0.3180320867290251, "135": 0.614441032610296, "136": 0.34156549552646903, "137": 0.31511327859640526, "138": 0.7828004118320216, "139": 0.3033809649727087, "140": 0.26660267220580264, "141": 0.8920250055988381, "142": 0.3446654139339373, "143": 0.44810890347965016, "144": 0.7532293363446557, "145": 0.38155926059999146, "146": 0.378716832763382, "147": 0.6449861032074042, "148": 0.3815099422567689, "149": 0.3243698720294291, "150": 0.8387294530835101}, "ff_leaves": {"3": 1.0940014116986825, "4": 1.07557448644695, "5": 1.4771483280022129, "6": 1.5414620292805163, "7": 1.6340430505153132, "9": 1.7729134353203309, "10": 1.8081719442241708, "11": 1.071390316359616, "12": 1.7913372061383355, "13": 1.6874455232343144, "14": 0.6387685349319687, "15": 1.5885626178416437, "16": 1.5299525107864014, "17": 0.24676853990279657, "18": 1.3486782125197778, "19": 1.490658026591816, "20": 0.3694552937740827, "21": 1.3414941298098855, "22": 1.428088575571437, "23": 0.35629984815808813, "24": 1.3085850041729516, "25": 1.283708576972275, "26": 1.4363460661072354, "27": 0.46764999380584427, "28": 1.373143424252178, "29": 1.5631157531903197, "30": 0.6698145326717693, "31": 1.3873119325361865, "32": 1.5518304844412514, "33": 0.641362208591, "34": 1.3405932260148679, "35": 1.5644789493446467, "36": 0.6215096604344883, "37": 1.3682508687491455, "38": 1.5608483303729372, "39": 0.638910018323978, "40": 1.2394919728915084, "41": 1.4595191846580575, "42": 0.4613705551197349, "43": 1.2670007703987023, "44": 1.4615207024455745, "45": 0.3621897194094128, "46": 1.2282101887404067, "47": 1.3598863024122676, "48": 0.5761683691166575, "49": 1.1792451335633385, "50": 1.3395807475888135, "51": 0.3543630063520047, "52": 1.1103726259221292, "53": 1.2611086748538773, "54": 0.5759809626286052, "55": 1.0478908740127804, "56": 1.3435460095674654, "57": 0.4957961767819763, "58": 1.166395526474639, "59": 1.3623519454064381, "60": 0.43063409138570186, "61": 1.2273706933398723, "62": 1.3714621173506478, "63": 0.6055149218280245, "64": 1.2216819676972073, "65": 1.3473181702791195, "66": 0.5227275869870069, "67": 1.1699636909371118, "68": 1.3056767226012238, "69": 0.6340761668104764, "70": 1.2262090143621962, "71": 1.4380641185777123, "72": 0.5965666382734085, "73": 1.2704155039789908, "74": 1.419786752103823, "75": 0.8495974062458034, "76": 1.4561380709482186, "77": 1.2966731171945631, "78": 0.31082793868835745, "79": 1.6617680307943623, "81": 1.8149730996938211, "82": 1.72926060338638, "83": 1.573909329787145, "84": 0.5384549539924088, "85": 1.5380623824469262, "86": 1.5775040426930373, "87": 0.791529841376633, "88": 1.3976325605857418, "89": 1.3676995613487994, "90": 0.628166162862791, "91": 1.3148465501875584, "92": 1.4384786042995887, "93": 0.48746568112261435, "94": 1.3830715959447926, "95": 1.4213126477557325, "96": 0.26720773446152934, "97": 1.3532616907492716, "98": 1.3917248149629746, "99": 0.7023520139108133, "100": 1.3207948971727337, "101": 1.4014074871768927, "102": 0.1431653578654628, "103": 1.3685111630420455, "104": 1.4875473642449233, "105": 0.34750165771497254, "106": 1.1944512791398911, "107": 1.278834224006495, "108": 0.4297164420777069, "109": 1.1965665942326713, "110": 1.351678787116366, "111": 0.31161201030454366, "112": 1.1217909498458798, "113": 1.2761144083692053, "114": 0.42239589614632056, "115": 1.1195790179625793, "116": 1.2949770679623411, "117": 0.6775093271403394, "118": 1.1890742946479285, "119": 1.3633448814704088, "120": 0.5476212189132983, "121": 1.2393474332354748, "122": 1.3420986380716533, "123": 0.28502245937228077, "124": 1.1987199987086448, "125": 1.2996119378111146, "126": 0.5361124039237644, "127": 1.1597923356722133, "128": 1.3265560804886622, "129": 0.7190598125691312, "130": 1.2652197130119776, "131": 1.402333800052412, "132": 0.6243523923773404, "133": 1.2957210416839198, "134": 1.313664544101583, "135": 0.8433545198967152, "136": 1.2758545458466384, "137": 1.377961611324309, "138": 0.5596537354093702, "139": 1.3033281075899663, "140": 1.413520619129407, "141": 0.32259946037267984, "142": 1.3696278011433425, "143": 1.1405753946013457, "144": 0.6698354539071376, "145": 1.2422154295051409, "146": 1.2621041240087068, "147": 0.8721638603070989, "148": 1.3009639943437006, "149": 1.368484446605135, "150": 0.5757800243051612}, "ff_soil": {"3": 0.511221626844565, "4": 0.522749585194449, "5": 0.35647795879119004, "6": 0.2794611894622868, "7": 0.196317460170787, "9": 0.12701846558453356, "10": 0.08367177674866255, "11": 0.5277853557633115, "12": 0.08968898893743811,