{"form_factors": {"ff_sky": {"3": 0.18040302323331223, "4": 0.17557178334410695, "5": 0.08052234208963373, "6": 0.09127103175597079, "7": 0.08247243738114729, "9": 0.050033432513388425, "10": 0.03812404700287357, "11": 0.15648731443714411, "12": 0.07432811770338786, "13": 0.07582348312926974, "14": 0.2649501615462355, "15": 0.06998973859281328, "16": 0.12137810138567463, "17": 0.3394671641406982, "18": 0.11617122242078018, "19": 0.13324916198447434, "20": 0.3477761751874306, "21": 0.14856038220653464, "22": 0.1375366886690109, "23": 0.37544167039142884, "24": 0.13985828193136562, "25": 0.147890883974759, "26": 0.17053544007023258, "27": 0.37071268285249864, "28": 0.16224840456131076, "29": 0.13839283262000515, "30": 0.3112072428421707, "31": 0.17602389571429236, "32": 0.15369554899284127, "33": 0.35788677819841813, "34": 0.21834061930801166, "35": 0.15247580405820202, "36": 0.4437907864806584, "37": 0.20709606526476226, "38": 0.15356176184779888, "39": 0.32903669617228243, "40": 0.26180641777212327, "41": 0.16717572830482746, "42": 0.4529192651980364, "43": 0.19206761778488626, "44": 0.16239940192223917, "45": 0.4750785446630963, "46": 0.25324477078635016, "47": 0.20355292641349854, "48": 0.45799578643183914, "49": 0.2658898104622406, "50": 0.20273076380274466, "51": 0.5698074749919368, "52": 0.37375596758043056, "53": 0.2428444899669723, "54": 0.5580997387119072, "55": 0.3031718392143554, "56": 0.21810726500944738, "57": 0.498672814089256, "58": 0.33931831206677554, "59": 0.24824777939081696, "60": 0.6211493588499576, "61": 0.3155545993098845, "62": 0.24944980948395, "63": 0.5568525373131363, "64": 0.31715521138667485, "65": 0.25693095709750224, "66": 0.7232609398375169, "67": 0.3752138881030103, "68": 0.30592236338926426, "69": 0.6969318916945989, "70": 0.36050732235539734, "71": 0.24325929423803316, "72": 0.7717951477716355, "73": 0.40827830412477906, "74": 0.3020404012007404, "75": 0.704700918856221, "76": 0.2838735040869774, "77": 0.4245265457933447, "78": 1.0, "79": 0.08543309887723761, "81": 0.04594096004774495, "82": 0.04993604897020745, "83": 0.07204621432735071, "84": 0.27554677706972697, "85": 0.09580404900093038, "86": 0.11194468561793502, "87": 0.22359209303206828, "88": 0.137347153806453, "89": 0.1502461238804543, "90": 0.255271333027861, "91": 0.15136250627406586, "92": 0.13862904213428748, "93": 0.3133912391098603, "94": 0.1482145147280001, "95": 0.14878826897909575, "96": 0.387541772991577, "97": 0.1678664708394517, "98": 0.13660963447294572, "99": 0.373588660235085, "100": 0.15751293678718464, "101": 0.17939574539547795, "102": 0.5316857257347052, "103": 0.15990990705335417, "104": 0.16034904639635741, "105": 0.4263005317053412, "106": 0.2531457527052969, "107": 0.20301889655625965, "108": 0.5844714571360166, "109": 0.20724099319030273, "110": 0.18807626543941522, "111": 0.46081241952315133, "112": 0.2476851359854276, "113": 0.22041661834386417, "114": 0.5545902142170148, "115": 0.2415674976522064, "116": 0.20383833745466753, "117": 0.4178766900877207, "118": 0.20919102121178373, "119": 0.15250745206525396, "120": 0.5804470122334724, "121": 0.23010217237284047, "122": 0.23409306787404952, "123": 0.6626036580511461, "124": 0.28414975475543774, "125": 0.27539604904182186, "126": 0.5716000527359918, "127": 0.3089620871842746, "128": 0.18648859301106752, "129": 0.4898653673300295, "130": 0.2669418547440338, "131": 0.19222607776008474, "132": 0.5847926182664365, "133": 0.2703083097357701, "134": 0.23149739520182472, "135": 0.534571492152217, "136": 0.2792343268789777, "137": 0.30497306394010365, "138": 0.7123195827685858, "139": 0.2524750678272343, "140": 0.20263882715225087, "141": 0.7334409495513288, "142": 0.26980766550125057, "143": 0.39678030879131904, "144": 0.7189274775362504, "145": 0.33512109836417064, "146": 0.3586872841215912, "147": 0.5918014402632238, "148": 0.3534076159057155, "149": 0.29030692238773015, "150": 0.7915649735864422}, "ff_leaves": {"3": 1.2937884836263909, "4": 1.2874669561520777, "5": 1.5543421119946998, "6": 1.619922478769435, "7": 1.7180794007967666, "9": 1.8176361045632912, "10": 1.8744423595638169, "11": 1.304359667950191, "12": 1.8322823496272145, "13": 1.7751905935486305, "14": 0.8664500979571716, "15": 1.7050955163106376, "16": 1.6343126354686974, "17": 0.677170608800455, "18": 1.5491195003941325, "19": 1.5875298420264745, "20": 0.7036623416763699, "21": 1.4565138072743242, "22": 1.522787911426303, "23": 0.6818971128950388, "24": 1.4712556224664635, "25": 1.456167365589404, "26": 1.507798928324549, "27": 0.8384459787580225, "28": 1.512304932619665, "29": 1.6244317847892145, "30": 0.9841842120847493, "31": 1.5006577263121517, "32": 1.6112640689135378, "33": 1.0137729658486703, "34": 1.4467632915908737, "35": 1.5947130433452277, "36": 0.9200238242786036, "37": 1.5013701569188704, "38": 1.6610914615342616, "39": 1.112598767564233, "40": 1.4106256860138027, "41": 1.5833272613279423, "42": 0.8495096483238902, "43": 1.5047740517544825, "44": 1.5953160264265294, "45": 0.9361285643229078, "46": 1.4014845965548475, "47": 1.4955430794213225, "48": 0.9429288398572306, "49": 1.4401306692222562, "50": 1.5877562541627455, "51": 0.8951160301506502, "52": 1.3474958501506913, "53": 1.5162528305075127, "54": 0.9414909605381137, "55": 1.4179278676312708, "56": 1.5533722659582014, "57": 1.0497567439865239, "58": 1.3607076966250282, "59": 1.4975305951960274, "60": 0.8346837684984731, "61": 1.411990345570414, "62": 1.5134855901531195, "63": 0.9781701447692956, "64": 1.3988189182334925, "65": 1.5614368139812305, "66": 0.8591487452032904, "67": 1.3919400694896247, "68": 1.4844277908440344, "69": 0.9268081392206555, "70": 1.4223454295557798, "71": 1.6203382899565142, "72": 0.8925113432000913, "73": 1.4247491675299258, "74": 1.5244853298013106, "75": 1.058831960747728, "76": 1.5789722783545632, "77": 1.3825019858307677, "78": 0.6970138500660159, "79": 1.7187902855798496, "81": 1.8574201096216183, "82": 1.7846860946510155, "83": 1.6980320576395755, "84": 0.8298104503169883, "85": 1.6358412397069038, "86": 1.7144212208423462, "87": 1.1145639627195436, "88": 1.510860485380276, "89": 1.4924311308693081, "90": 0.9358237491136796, "91": 1.4613689234474327, "92": 1.566675877558368, "93": 0.8484354288830589, "94": 1.4915199097221512, "95": 1.5170490227086892, "96": 0.6124582270084229, "97": 1.4725143635257267, "98": 1.5229862995032002, "99": 1.0039423479635439, "100": 1.4661514234880753, "101": 1.4733978523952087, "102": 0.48435628240801387, "103": 1.5142432761988243, "104": 1.5876226812873706, "105": 0.7691935581204894, "106": 1.354833706474217, "107": 1.4226145305806903, "108": 0.6744488441017733, "109": 1.4190771048040913, "110": 1.5144528697984603, "111": 0.9340001050887197, "112": 1.4005732058514293, "113": 1.5136264348777317, "114": 0.7937577153183049, "115": 1.4385312464815165, "116": 1.514114348554158, "117": 1.033302433313528, "118": 1.5127684771409502, "119": 1.5227838079251044, "120": 0.8439443042240726, "121": 1.5035072515836667, "122": 1.5001044157440826, "123": 0.6947818744183416, "124": 1.4542892365884934, "125": 1.4076089366129267, "126": 0.9094826724466425, "127": 1.3799110341785141, "128": 1.535034698658254, "129": 1.0538894592353356, "130": 1.4486418914188708, "131": 1.5511407607481327, "132": 0.9653039855053678, "133": 1.4876198475397227, "134": 1.5209970061050644, "135": 1.047526219393824, "136": 1.4713898140257844, "137": 1.4679090203980794, "138": 0.9239863985992507, "139": 1.4530678694076746, "140": 1.58142151092845, "141": 0.7511942161203069, "142": 1.5827557741023375, "143": 1.4436683434007929, "144": 1.0132823557632236, "145": 1.507799269958089, "146": 1.4403880659641604, "147": 1.107946099385317, "148": 1.4783444158251324, "149": 1.5486419194159633, "150": 0.8430731740160564}, "ff_soil": {"3": 0.5258084931402969, "4": 0.5369612605038154, "5": 0.36513554591566655, "6": 0.2888064894745941, "7": 0.19944816182208608, "9": 0.13233046292332037, "10": 0.08743359343330953, "11": 0.539153017612665,